Region;2000;2001;2002;2003;2004;2005;2006;2007;2008;2009;2010;2011;2012;2013;2014;2015;2016;2017;2018;2019;2020;2021;2022;2023*
Voreios Tomeas Athinon;9.607;10.452;11.780;12.522;13.770;14.817;16.514;17.947;18.998;19.235;18.612;17.289;15.894;15.358;15.370;15.445;15.434;15.779;15.694;16.531;15.372;16.828;18.642;20.626
Dytikos Tomeas Athinon;4.636;5.036;5.483;5.969;6.406;6.533;7.246;7.513;7.722;7.549;7.121;6.410;5.903;5.585;5.598;5.428;5.468;5.535;5.663;5.930;5.432;6.053;6.740;7.257
Kentrikos Tomeas Athinon;23.602;25.510;27.801;29.777;32.437;34.065;36.951;39.547;41.512;41.215;38.924;35.202;31.666;30.237;30.008;29.673;29.631;30.258;30.697;31.524;28.736;31.786;34.868;38.720
Notios Tomeas Athinon;7.633;8.157;8.899;9.723;10.573;11.093;11.973;12.949;13.464;13.111;12.558;11.443;10.326;9.928;9.866;9.739;9.805;10.148;10.307;10.565;9.484;10.560;11.657;13.104
Anatoliki Attiki;5.355;5.862;6.875;8.338;9.243;9.433;11.443;12.622;13.047;13.322;13.016;12.176;10.601;10.067;9.776;9.852;9.827;9.901;10.181;10.542;9.565;10.623;11.953;12.920
Dytiki Attiki;2.832;3.115;3.631;4.378;4.749;4.466;5.949;6.100;6.204;5.987;5.613;5.026;4.302;4.122;3.775;3.834;3.782;3.773;4.041;4.214;3.868;4.314;4.993;5.258
Peiraias, Nisoi;8.318;8.892;9.030;10.044;11.038;11.199;12.467;13.186;13.577;13.130;12.518;11.149;10.040;9.593;9.481;9.222;9.120;9.400;9.641;9.772;8.883;9.606;10.726;11.858
Lesvos, Limnos;929;1.027;1.047;1.291;1.300;1.411;1.574;1.648;1.743;1.716;1.625;1.486;1.347;1.316;1.313;1.290;1.266;1.273;1.301;1.329;1.185;1.270;1.405;1.545
Ikaria, Samos;379;422;427;486;550;614;675;728;794;758;697;639;577;555;555;533;525;531;541;560;483;522;581;637
Chios;483;507;546;629;692;674;743;840;879;871;824;758;718;669;661;644;633;627;631;664;607;655;724;791
Kalymnos, Karpathos, Kos, Rodos;2.656;2.828;2.811;3.116;3.362;3.463;3.880;4.074;4.412;4.116;3.906;3.603;3.435;3.325;3.323;3.328;3.223;3.276;3.397;3.566;2.793;3.152;3.658;4.061
Andros, Thira, Kea, Milos, Mykonos, Naxos, Paros, Syros, Tinos;1.873;1.985;2.073;2.370;2.684;2.955;3.105;3.412;3.608;3.457;3.282;2.956;2.540;2.832;2.833;2.706;2.601;2.646;2.741;2.803;2.188;2.542;2.906;3.365
Irakleio;3.122;3.548;3.849;4.172;4.593;4.610;5.140;5.447;5.798;5.603;5.410;4.646;4.210;4.156;4.270;4.191;4.091;4.271;4.318;4.383;3.758;4.264;4.942;5.458
Lasithi;808;909;946;1.026;1.126;1.207;1.305;1.383;1.436;1.434;1.316;1.180;1.084;1.121;1.143;1.181;1.145;1.182;1.190;1.294;1.147;1.262;1.440;1.531
Rethymni;991;1.056;1.103;1.186;1.349;1.385;1.352;1.393;1.463;1.459;1.380;1.270;1.138;1.144;1.143;1.179;1.147;1.176;1.224;1.263;1.038;1.170;1.385;1.549
Chania;1.658;1.812;1.977;2.160;2.423;2.438;2.698;2.849;2.989;2.942;2.766;2.539;2.240;2.209;2.271;2.268;2.223;2.290;2.348;2.379;1.999;2.260;2.666;3.001
Evros;1.307;1.363;1.448;1.578;1.727;1.824;1.865;2.123;2.211;2.255;2.362;2.122;1.927;1.751;1.732;1.730;1.769;1.759;1.770;1.799;1.674;1.820;1.984;2.092
Xanthi;990;1.074;1.090;1.199;1.294;1.311;1.407;1.465;1.578;1.514;1.556;1.320;1.201;1.133;1.074;1.078;1.052;1.053;1.078;1.075;978;1.092;1.220;1.281
Rodopi;1.068;1.194;1.204;1.346;1.364;1.375;1.431;1.573;1.678;1.614;1.529;1.369;1.223;1.163;1.093;1.069;1.162;1.150;1.147;1.143;1.102;1.212;1.308;1.280
Drama;878;980;1.033;1.036;1.104;1.129;1.190;1.271;1.278;1.284;1.264;1.084;1.023;1.005;977;999;990;960;992;1.009;908;1.000;1.194;1.256
Thasos, Kavala;1.439;1.449;1.632;1.701;1.901;2.032;2.008;2.315;2.511;2.455;2.387;2.028;1.923;1.768;1.806;1.744;1.734;1.763;1.817;1.825;1.605;1.788;2.012;2.225
Imathia;1.388;1.516;1.601;1.658;1.821;1.870;1.980;2.149;2.187;2.119;2.053;1.901;1.781;1.708;1.587;1.577;1.560;1.572;1.631;1.661;1.562;1.679;1.945;2.090
Thessaloniki;12.076;13.158;14.109;15.428;17.006;17.019;19.108;20.557;21.567;21.130;19.652;17.905;16.131;15.112;14.838;15.055;15.256;15.508;15.930;16.250;14.774;16.256;18.413;19.661
Kilkis;723;816;867;893;1.026;1.035;1.056;1.274;1.276;1.186;1.135;1.049;950;897;889;929;934;911;919;937;869;958;1.093;1.163
Pella;1.220;1.359;1.509;1.452;1.694;1.705;1.760;2.085;2.162;2.047;1.969;1.822;1.754;1.625;1.599;1.645;1.612;1.620;1.716;1.762;1.719;1.635;2.192;2.327
Pieria;1.062;1.142;1.199;1.321;1.420;1.504;1.564;1.705;1.841;1.830;1.729;1.652;1.504;1.441;1.399;1.428;1.430;1.435;1.473;1.511;1.358;1.505;1.704;1.851
Serres;1.429;1.504;1.563;1.676;1.845;1.844;1.874;2.096;2.079;2.047;2.028;1.864;1.791;1.727;1.676;1.721;1.711;1.712;1.754;1.759;1.650;1.798;2.042;2.138
Chalkidiki;1.082;1.149;1.224;1.347;1.471;1.541;1.695;1.778;1.872;1.802;1.691;1.624;1.532;1.486;1.488;1.485;1.490;1.502;1.547;1.561;1.297;1.487;1.753;1.950
Grevena;313;331;303;298;345;344;361;377;393;369;374;344;325;307;305;313;308;305;308;316;315;332;364;391
Kozani;1.909;2.041;2.171;2.457;2.607;2.742;2.975;2.990;3.012;3.080;3.164;3.086;3.443;3.262;3.177;2.926;2.627;2.607;2.578;2.384;1.987;2.153;2.272;2.149
Kastoria;430;460;487;513;534;540;590;650;667;655;629;599;558;526;524;520;499;486;505;504;466;509;548;590
Florina;676;712;706;810;903;942;1.009;996;958;1.009;994;1.007;1.059;992;1.078;973;900;937;865;837;752;809;893;893
Arta;575;625;692;742;740;779;849;868;870;871;875;808;735;714;691;675;674;666;689;686;617;662;720;762
Preveza;574;604;613;671;667;659;726;775;790;796;773;741;647;645;651;647;632;630;642;636;569;634;711;774
Thesprotia;572;625;659;715;731;672;667;715;769;702;706;628;573;554;560;525;508;515;530;530;468;518;570;631
Ioannina;1.527;1.674;1.804;1.922;2.058;2.170;2.373;2.495;2.515;2.476;2.415;2.222;1.951;1.896;1.849;1.854;1.890;1.885;1.920;1.971;1.810;1.951;2.154;2.341
Karditsa;819;902;1.088;1.164;1.273;1.225;1.238;1.343;1.394;1.428;1.309;1.169;1.108;1.128;1.091;1.092;1.090;1.085;1.114;1.152;1.047;1.164;1.257;1.298
Trikala;1.076;1.231;1.327;1.469;1.579;1.572;1.650;1.804;1.831;1.835;1.699;1.523;1.450;1.423;1.450;1.437;1.418;1.420;1.461;1.505;1.351;1.482;1.636;1.732
Larisa;2.934;3.129;3.587;4.118;4.422;4.277;4.673;4.962;5.156;5.054;4.663;4.117;3.969;3.777;3.830;3.952;3.854;3.878;4.021;4.136;3.884;4.442;4.705;5.123
Magnisia;1.969;2.172;2.477;2.794;2.937;3.004;3.402;3.458;3.650;3.414;3.109;2.898;2.662;2.557;2.469;2.500;2.486;2.502;2.570;2.655;2.430;2.721;3.043;3.264
Zakynthos;604;674;659;768;794;846;890;969;1.010;962;913;773;723;701;711;705;687;696;735;772;589;674;796;942
Kerkyra;1.312;1.429;1.451;1.649;1.761;1.849;1.942;2.037;2.196;2.025;1.873;1.660;1.514;1.511;1.530;1.508;1.509;1.531;1.552;1.578;1.270;1.424;1.606;1.846
Ithaki, Kefallinia;470;519;531;608;682;719;786;867;892;827;799;664;611;588;605;571;564;573;579;593;470;538;645;712
Lefkada;193;219;225;248;272;294;325;340;347;368;379;331;307;302;297;290;288;287;303;312;252;295;346;398
Aitoloakarnania;1.924;2.080;2.211;2.415;2.685;2.801;2.969;3.112;3.163;3.063;2.950;2.672;2.543;2.527;2.436;2.391;2.353;2.300;2.370;2.351;2.149;2.353;2.644;2.749
Achaia;3.445;3.686;3.974;4.337;4.744;4.833;5.547;5.823;5.880;5.546;5.454;4.785;4.366;3.984;3.985;3.944;3.874;3.896;3.890;4.011;3.686;3.995;4.501;4.833
Ileia;1.478;1.596;1.665;1.810;1.834;1.914;2.065;2.244;2.270;2.196;2.087;1.896;1.755;1.662;1.690;1.750;1.702;1.782;1.678;1.744;1.561;1.673;1.961;2.133
Voiotia;2.390;2.581;2.564;2.798;2.851;2.853;2.952;2.967;3.007;3.003;2.935;2.859;2.757;2.583;2.302;2.349;2.579;2.645;2.715;2.820;2.814;3.029;3.330;3.216
Evvoia;2.645;2.786;2.924;3.149;3.289;3.544;3.785;4.071;4.086;3.790;3.501;3.151;2.872;2.756;2.785;2.779;2.713;2.797;2.898;2.917;2.797;3.096;3.493;3.589
Evrytania;169;178;190;208;206;208;226;231;265;268;254;232;209;195;187;190;190;191;190;194;176;192;216;233
Fthiotida;1.972;2.113;2.242;2.379;2.457;2.586;2.568;2.729;2.881;2.781;2.659;2.404;2.209;2.024;2.001;2.008;1.968;2.032;2.067;2.030;1.892;2.018;2.352;2.476
Fokida;381;417;436;503;537;527;547;569;619;605;571;513;464;450;443;442;445;457;471;480;446;491;562;579
Argolida;1.081;1.213;1.350;1.435;1.461;1.542;1.726;1.871;1.974;1.925;1.830;1.635;1.504;1.444;1.431;1.457;1.446;1.475;1.493;1.504;1.394;1.479;1.707;1.796
Arkadia;1.096;1.165;1.223;1.366;1.454;1.476;1.672;1.717;1.717;1.714;1.641;1.539;1.492;1.503;1.474;1.490;1.497;1.540;1.517;1.568;1.423;1.578;1.724;1.596
Korinthia;1.702;1.849;1.860;2.011;2.048;2.113;2.277;2.455;2.637;2.495;2.389;2.223;2.091;2.017;1.884;1.946;2.016;2.024;2.060;2.143;1.982;2.173;2.511;2.562
Lakonia;876;960;1.023;1.077;1.143;1.121;1.239;1.344;1.373;1.388;1.303;1.225;1.138;1.114;1.116;1.146;1.102;1.177;1.168;1.201;1.080;1.138;1.315;1.476
Messinia;1.503;1.649;1.699;1.841;1.921;2.066;2.315;2.476;2.525;2.491;2.419;2.263;2.102;1.939;1.981;2.009;2.007;2.046;2.040;2.042;1.827;1.952;2.281;2.603
;;;;;;;;;;;;;;;;;;;;;;;;
;;;;;;;;;;;;;;;;;;;;;;;;